secret_type,secret_type_display_name,secret,path,start_line,end_line,start_column,end_column
"any_ipv4_addresses","Any IPv4 Addresses","403f06e166941f11d11e79201ee3ed0df9dbb9bb011843899c4b6dd62693b27d","configs/pom.xml","42","42","22","30",
"any_ipv4_addresses","Any IPv4 Addresses","c77e473ca7d07f7addbaf0eb5e2a1c4ca664a2f832c38771d06fee5793704a64","uri/ipaddresses/ipv4_random.txt","11","11","18","30",
"any_ipv4_addresses","Any IPv4 Addresses","c77e473ca7d07f7addbaf0eb5e2a1c4ca664a2f832c38771d06fee5793704a64","uri/ipv4_random.txt","11","11","18","30",
"any_ipv4_addresses","Any IPv4 Addresses","a2c5576efda66704b0f03d6241a5a5539e7f9331b883ea5177ccbf98aca615ac","uri/ipv4.txt","1","1","1","8",
"any_ipv4_addresses","Any IPv4 Addresses","f5047344122f0dee9974ba6761e61c6b8649e1f3968d13a635ebbf7be53a3a0d","uri/ipaddresses/ipv4_private.txt","8","8","1","9",
"any_ipv4_addresses","Any IPv4 Addresses","f5047344122f0dee9974ba6761e61c6b8649e1f3968d13a635ebbf7be53a3a0d","uri/ipv4_private.txt","8","8","1","9",
"any_ipv4_addresses","Any IPv4 Addresses","37d7a80604871e579850a658c7add2ae7557d0c6abcc9b31ecddc4424207eba3","uri/ipaddresses/ipv4_private.txt","7","7","1","12",
"any_ipv4_addresses","Any IPv4 Addresses","37d7a80604871e579850a658c7add2ae7557d0c6abcc9b31ecddc4424207eba3","uri/ipv4_private.txt","7","7","1","12",
"any_ipv4_addresses","Any IPv4 Addresses","838c4c2573848f58e74332341a7ca6bc5cd86a8aec7d644137d53b4d597f10f5","uri/ipaddresses/ipv4_random.txt","7","7","1","8",
"any_ipv4_addresses","Any IPv4 Addresses","838c4c2573848f58e74332341a7ca6bc5cd86a8aec7d644137d53b4d597f10f5","uri/ipv4_random.txt","7","7","1","8",
"any_ipv4_addresses","Any IPv4 Addresses","f1412386aa8db2579aff2636cb9511cacc5fd9880ecab60c048508fbe26ee4d9","uri/ipaddresses/ipv4_random.txt","6","6","1","8",
"any_ipv4_addresses","Any IPv4 Addresses","f1412386aa8db2579aff2636cb9511cacc5fd9880ecab60c048508fbe26ee4d9","uri/ipv4_random.txt","6","6","1","8",
"any_ipv4_addresses","Any IPv4 Addresses","c5eb5a4cc76a5cdb16e79864b9ccd26c3553f0c396d0a21bafb7be71c1efcd8c","uri/ipv4.txt","3","3","9","20",
